{
  "ruleChain": {
    "additionalInfo": null,
    "name": "Create & Clear Alarms",
    "firstRuleNodeId": null,
    "root": false,
    "debugMode": false,
    "configuration": null
  },
  "metadata": {
    "firstNodeIndex": 0,
    "nodes": [
      {
        "additionalInfo": {
          "layoutX": 344,
          "layoutY": 151
        },
        "type": "org.thingsboard.rule.engine.filter.TbJsFilterNode",
        "name": "Under Threshold",
        "debugMode": false,
        "configuration": {
          "jsScript": "return msg.temperature < -40 || msg.temperature > 80;"
        }
      },
      {
        "additionalInfo": {
          "layoutX": 615,
          "layoutY": 78
        },
        "type": "org.thingsboard.rule.engine.action.TbCreateAlarmNode",
        "name": "Create Alarm",
        "debugMode": false,
        "configuration": {
          "alarmType": "Critical Temperature",
          "alarmDetailsBuildJs": "var details = {};\nif (metadata.prevAlarmDetails) {\n    details = JSON.parse(metadata.prevAlarmDetails);\n}\nreturn details;",
          "severity": "CRITICAL",
          "propagate": true
        }
      },
      {
        "additionalInfo": {
          "layoutX": 617,
          "layoutY": 222
        },
        "type": "org.thingsboard.rule.engine.action.TbClearAlarmNode",
        "name": "Clear Alarm",
        "debugMode": false,
        "configuration": {
          "alarmType": "Critical Temperature",
          "alarmDetailsBuildJs": "var details = {};\nif (metadata.prevAlarmDetails) {\n    details = JSON.parse(metadata.prevAlarmDetails);\n}\nreturn details;"
        }
      }
    ],
    "connections": [
      {
        "fromIndex": 0,
        "toIndex": 2,
        "type": "False"
      },
      {
        "fromIndex": 0,
        "toIndex": 1,
        "type": "True"
      }
    ],
    "ruleChainConnections": null
  }
}